N_MODEL,HIDDEN_SIZE,N_LAYERS,DIRECTIONS,RECALL,PERCISION,F1,RECALL_WO_O,PERCISION_WO_O,F1_WO_O
Model1,500,1,1,0.8004561003420753,0.733751425313569,0.7656536611967676,0.0,0.0,0.0
Model2,500,2,1,0.8207272266565311,0.784976056998754,0.7981975002649306,0.1138763197586727,0.23677458649802022,0.15374183045612197
Model3,500,3,1,0.8202204484986697,0.800049917583086,0.8019183242560626,0.18627450980392157,0.2837596119831735,0.1886855941678686
Model4,500,1,2,0.8569618649436209,0.8567145034868794,0.8520351512515442,0.35822021116138764,0.5387104433132217,0.4216547476017552
Model5,500,2,2,0.8768529076396807,0.8910903874664671,0.8811433623185718,0.5716440422322775,0.5231609989923085,0.5315084773508228
Model6,500,3,2,0.8792601038895224,0.9011854463887387,0.8894393907115015,0.6040723981900452,0.5680620603317401,0.5828750363805419
Model7,800,1,2,0.8654503990877993,0.8705135911057261,0.8647760950811654,0.41855203619909503,0.5481774311485982,0.4648099980834754
Model8,800,2,2,0.8902825288230077,0.9076439819132933,0.8941902566447655,0.6289592760180995,0.5923951077339171,0.5832982831095248
Model9,800,3,2,0.8958570885594831,0.9115875656510949,0.9028835043487008,0.6440422322775264,0.6032788685854019,0.6196170076388661
