N_MODEL,HIDDEN_SIZE,N_LAYERS,DIRECTIONS,RECALL,PERCISION,F1,RECALL_WO_O,PERCISION_WO_O,F1_WO_O
Model1,500,1,1,0.8313695679716204,0.7956362063571576,0.7839102259044501,0.08748114630467571,0.5004122166911293,0.13931061446215198
Model2,500,2,1,0.8460661345496009,0.8036093804999501,0.7935039523719193,0.11161387631975868,0.5659808157811884,0.17962802360181435
Model3,500,3,1,0.8303560116558977,0.7067547207699897,0.7566218116613163,0.0015082956259426848,0.07440925087983911,0.002956658975357846
Model4,500,1,2,0.8729253769162549,0.8399809673855424,0.8443395988594627,0.3046757164404223,0.6201242435447397,0.4044066775713143
Model5,500,2,2,0.879133409350057,0.8703730785680572,0.862210720025037,0.363499245852187,0.7177708370537034,0.4748251244289187
Model6,500,3,2,0.787659951856075,0.8989042532048759,0.8324146875532854,0.46530920060331826,0.6324566548822909,0.4978981672383424
Model7,800,1,2,0.8786266311921956,0.8720017148527218,0.8597258772210539,0.37481146304675717,0.7137308387621278,0.4591518969151283
Model8,800,2,2,0.8937032813885721,0.8981666862057306,0.8917856580605868,0.5535444947209653,0.7017613016196134,0.6037403279015453
Model9,800,3,2,0.8629165082984923,0.9185459964286097,0.8820833384994421,0.581447963800905,0.7285611937910325,0.6053497439624755
