N_MODEL,HIDDEN_SIZE,N_LAYERS,DIRECTIONS,RECALL,PERCISION,F1,RECALL_WO_O,PERCISION_WO_O,F1_WO_O
Model1,500,1,1,0.8389712403395414,0.7834069308441974,0.7774739464885138,0.06033182503770739,0.4810625104742752,0.10098283777902091
Model2,500,2,1,0.846826301786393,0.7993689180945424,0.7987435380389789,0.1334841628959276,0.5246763903782884,0.20893829518187967
Model3,500,3,1,0.8326365133662739,0.7157664280050241,0.7577428127315878,0.004524886877828055,0.1339366515837104,0.00875402951527519
Model4,500,1,2,0.8650703154694033,0.8326227262134945,0.8398583741088111,0.2948717948717949,0.5620809174525272,0.3864317161568216
Model5,500,2,2,0.8478398581021158,0.8696888169610465,0.8578559581897575,0.5143288084464555,0.504213627650167,0.5049313361141456
Model6,500,3,2,0.8757126567844926,0.8633632571739601,0.8490956561789615,0.2986425339366516,0.7581640552272882,0.42200429864441896
Model7,800,1,2,0.8797668820473837,0.869869385775458,0.8573905500537266,0.3755656108597285,0.7161487434641377,0.45067910224750096
Model8,800,2,2,0.9019384264538198,0.8969816557651997,0.892821174613534,0.5248868778280543,0.7695511591443456,0.6116938022968019
Model9,800,3,2,0.9010515646775624,0.8974099478478149,0.8871940747674879,0.45625942684766213,0.8328196397668943,0.5813125493388299
