{
  "test_read_data": {
    "lengths": [
      1750,
      250,
      500
    ]
  },
  "test_vocab": {
    "length": 7163,
    "tag2id_length": 8,
    "Spongebob": 1
  },
  "test_count_oov": {
    "dev_oov": 638,
    "test_oov": 1368
  },
  "test_prepare_data_loader": {
    "lengths": [
      110,
      16,
      32
    ]
  },
  "test_NERNet": {
    "f1": 0.9115404951587652,
    "f1_wo_o": 0.6865350739895113
  },
  "test_glove": {
    "f1": 0.9182245095734802,
    "f1_wo_o": 0.6948943793203087
  }
}